redni,vrijeme,zadatak,koncept,modul,tier,tezina,naslov,navigacija,reason_preporuke_koja_je_dovela,pokusaj_br,greska_studenta,opis_greske,verdikt,error_type,detail,xp_delta,xp_ukupno,level,streak,novi_bedzevi,preporuka_task,preporuka_koncept,preporuka_reason,trajanje_ms
1,2026-08-18T15:58:05.663Z,15,select_basic,1,easy,1,Naziv i zemlja porijekla dobavljača,nav „Zadatak“ → /next-task,,1,,,Točno,,,20,30,1,1,first_correct,16,select_basic,partial_continuation,197
2,2026-08-18T15:58:06.747Z,16,select_basic,1,easy,3,"Prikaz identifikatora, naziva i ocjene dobavljača",CTA „Sljedeći zadatak“,partial_continuation,1,,,Točno,,,60,90,1,1,,44,inner_join,weak_with_prereqs_met,199
3,2026-08-18T15:58:06.480Z,44,inner_join,3,medium,1,Ukupan broj proizvoda s dodijeljenom kategorijom,CTA „Sljedeći zadatak“,weak_with_prereqs_met,1,,,Točno,,,20,110,2,1,,39,cross_join,weak_with_prereqs_met,184
4,2026-08-18T15:58:07.634Z,39,cross_join,3,medium,2,Generiraj sve kombinacije kategorija i statusa narudžbi (CROSS JOIN),CTA „Sljedeći zadatak“,weak_with_prereqs_met,1,krivi_limit,krivo procitan broj redaka u LIMIT-u,Djelomično,row_mismatch,Row count mismatch: actual=7 vs expected=5,20,130,2,1,,39,cross_join,weak_with_prereqs_met,248
5,2026-08-18T15:58:08.229Z,39,cross_join,3,medium,2,Generiraj sve kombinacije kategorija i statusa narudžbi (CROSS JOIN),CTA „Sljedeći zadatak“,weak_with_prereqs_met,2,,,Točno,,,30,160,2,1,,17,where_filter,partial_continuation,206
6,2026-08-18T15:58:09.343Z,17,where_filter,1,easy,1,Kupci iz Hrvatske,CTA „Sljedeći zadatak“,partial_continuation,1,krivi_literal,krivo napisan tekstualni literal,Netočno,empty_result,"Prazan rezultat, očekivano 3 redova",0,160,2,1,,15,select_basic,repeat_practice,219
7,2026-08-18T15:58:09.932Z,17,where_filter,1,easy,1,Kupci iz Hrvatske,CTA „Sljedeći zadatak“,partial_continuation,2,,,Točno,,,15,175,2,1,,18,where_filter,partial_continuation,194
8,2026-08-18T15:58:11.009Z,18,where_filter,1,easy,2,Narudžbe u obradi s visokim iznosom,CTA „Sljedeći zadatak“,partial_continuation,1,krivi_literal,krivo napisan tekstualni literal,Netočno,empty_result,"Prazan rezultat, očekivano 5 redova",0,175,2,1,,18,where_filter,partial_continuation,201
9,2026-08-18T15:58:11.411Z,18,where_filter,1,easy,2,Narudžbe u obradi s visokim iznosom,CTA „Sljedeći zadatak“,partial_continuation,2,,,Točno,,,30,205,3,1,,19,where_filter,partial_continuation,196
10,2026-08-18T15:58:12.628Z,19,where_filter,1,easy,3,Dostavljene narudžbe s visokim iznosom — WHERE ili HAVING?,CTA „Sljedeći zadatak“,partial_continuation,1,krivi_literal,krivo napisan tekstualni literal,Netočno,empty_result,"Prazan rezultat, očekivano 2 redova",0,205,3,1,,19,where_filter,partial_continuation,224
11,2026-08-18T15:58:13.037Z,19,where_filter,1,easy,3,Dostavljene narudžbe s visokim iznosom — WHERE ili HAVING?,CTA „Sljedeći zadatak“,partial_continuation,2,,,Točno,,,45,250,3,1,,68,update,weak_with_prereqs_met,217
12,2026-08-18T15:58:14.134Z,68,update,4,medium,2,Ažuriranje email adrese kupca s id = 1,CTA „Sljedeći zadatak“,weak_with_prereqs_met,1,,,Točno,,,40,290,3,1,,63,delete,weak_with_prereqs_met,224
13,2026-08-18T16:08:48.775Z,63,delete,4,medium,2,Brisanje jedne otkazane narudžbe po ID-u,nav „Zadatak“ → /next-task,weak_with_prereqs_met,1,,,Točno,,,40,330,4,1,,77,scalar_subquery,weak_with_prereqs_met,190
14,2026-08-18T16:08:54.974Z,77,scalar_subquery,5,hard,2,Broj narudžbi ispod maksimalnog iznosa,CTA „Sljedeći zadatak“,weak_with_prereqs_met,1,,,Točno,,,40,370,4,1,,1,null_handling,weak_with_prereqs_met,207
15,2026-08-18T16:09:00.990Z,1,null_handling,0,hard,1,COUNT(*) vs COUNT(kolone) — narudžbe bez zaposlenika,CTA „Sljedeći zadatak“,weak_with_prereqs_met,1,,,Točno,,,20,390,4,1,,10,limit_offset,partial_continuation,195
16,2026-08-18T16:09:05.553Z,10,limit_offset,1,easy,1,Prvih 3 kupca sortirano po ID-u,CTA „Sljedeći zadatak“,partial_continuation,1,,,Točno,,,20,410,5,1,,5,distinct,partial_continuation,203
17,2026-08-18T16:09:11.612Z,5,distinct,1,easy,1,Različiti statusi narudžbi bez GROUP BY,CTA „Sljedeći zadatak“,partial_continuation,1,,,Točno,,,20,430,5,1,,6,distinct,partial_continuation,192
18,2026-08-18T16:09:17.634Z,6,distinct,1,easy,3,DISTINCT na kombinaciji status–self_service u narudžbama,CTA „Sljedeći zadatak“,partial_continuation,1,,,Točno,,,60,490,5,1,,45,inner_join,partial_continuation,196
19,2026-08-18T16:09:23.714Z,45,inner_join,3,medium,2,Ukupan broj narudžbi spojenih s kupcima,CTA „Sljedeći zadatak“,partial_continuation,1,,,Točno,,,40,530,6,1,,84,right_join,weak_with_prereqs_met,256
20,2026-08-18T16:09:29.801Z,84,right_join,3,hard,2,Kupci bez ijedne narudžbe (RIGHT JOIN),CTA „Sljedeći zadatak“,weak_with_prereqs_met,1,,,Točno,,,40,570,6,1,,30,group_by,weak_with_prereqs_met,195
21,2026-08-18T16:09:34.451Z,30,group_by,2,medium,1,Broj proizvoda po kategoriji,CTA „Sljedeći zadatak“,weak_with_prereqs_met,1,bez_group_by,zaboravljen GROUP BY uz agregat,Netočno,execution_error,"column ""products.category_id"" must appear in the GROUP BY clause or be used in an aggregate function ⏎ LINE 1: SELECT category_id, COUNT(*) AS broj_proizvoda FROM products... ⏎                ^",0,570,6,1,,30,group_by,weak_with_prereqs_met,192
22,2026-08-18T16:09:41.309Z,30,group_by,2,medium,1,Broj proizvoda po kategoriji,CTA „Sljedeći zadatak“,weak_with_prereqs_met,2,,,Točno,,,15,585,6,1,,57,self_join,weak_with_prereqs_met,205
23,2026-08-18T16:09:47.356Z,57,self_join,3,hard,3,Broj zaposlenika s neposrednim managerom (SELF JOIN),CTA „Sljedeći zadatak“,weak_with_prereqs_met,1,zaboravljen_alias,zaboravljen AS alias na agregatu,Netočno,wrong_columns,"Stupci se razlikuju — dobiveni: ['count'], očekivani: ['total_with_manager']",0,585,6,1,,31,group_by,partial_continuation,199
24,2026-08-18T16:09:52.739Z,57,self_join,3,hard,3,Broj zaposlenika s neposrednim managerom (SELF JOIN),CTA „Sljedeći zadatak“,weak_with_prereqs_met,2,,,Točno,,,45,630,7,1,,51,multi_table_join,weak_with_prereqs_met,190
25,2026-08-18T16:09:58.826Z,51,multi_table_join,3,hard,3,Ukupan broj stavki narudžbi kroz tri JOIN-ana tablica,CTA „Sljedeći zadatak“,weak_with_prereqs_met,1,,,Točno,,,60,690,7,1,,31,group_by,partial_continuation,195
26,2026-08-18T16:10:03.456Z,31,group_by,2,medium,2,Broj kupaca po zemlji — TOP 5,CTA „Sljedeći zadatak“,partial_continuation,1,bez_group_by,zaboravljen GROUP BY uz agregat,Netočno,execution_error,"column ""customers.country"" must appear in the GROUP BY clause or be used in an aggregate function ⏎ LINE 1: SELECT country, COUNT(*) AS broj_kupaca FROM customers ORDER... ⏎                ^",0,690,7,1,,11,limit_offset,partial_continuation,266
27,2026-08-18T16:10:08.837Z,31,group_by,2,medium,2,Broj kupaca po zemlji — TOP 5,CTA „Sljedeći zadatak“,partial_continuation,2,,,Točno,,,30,720,8,1,,32,group_by,partial_continuation,193
28,2026-08-18T16:10:14.896Z,32,group_by,2,medium,3,Ukupna količina prodanih proizvoda po proizvodu — TOP 10,CTA „Sljedeći zadatak“,partial_continuation,1,bez_group_by,zaboravljen GROUP BY uz agregat,Netočno,execution_error,"column ""order_items.product_id"" must appear in the GROUP BY clause or be used in an aggregate function ⏎ LINE 1: SELECT product_id, SUM(quantity) AS ukupna_kolicina, COUNT(*... ⏎                ^",0,720,8,1,,11,limit_offset,partial_continuation,203
29,2026-08-18T16:28:26.959Z,11,limit_offset,1,easy,2,Kategorije — druga stranica po 2 retka,nav „Zadatak“ → /next-task,partial_continuation,1,,,Točno,,,40,760,8,1,,32,group_by,partial_continuation,254
30,2026-08-18T16:28:33.237Z,32,group_by,2,medium,3,Ukupna količina prodanih proizvoda po proizvodu — TOP 10,CTA „Sljedeći zadatak“,partial_continuation,2,,,Točno,,,45,805,9,1,,33,group_by,partial_continuation,249
31,2026-08-18T16:28:38.112Z,33,group_by,2,medium,3,Prosječna ocjena recenzija po proizvodu — sortiranje silazno,CTA „Sljedeći zadatak“,partial_continuation,1,bez_group_by,zaboravljen GROUP BY uz agregat,Netočno,execution_error,"column ""reviews.product_id"" must appear in the GROUP BY clause or be used in an aggregate function ⏎ LINE 1: SELECT product_id, ROUND(AVG(rating)::numeric, 2) AS prosjec... ⏎                ^",0,805,9,1,,33,group_by,partial_continuation,227
32,2026-08-18T17:44:54.935Z,33,group_by,2,medium,3,Prosječna ocjena recenzija po proizvodu — sortiranje silazno,nav „Zadatak“ → /next-task,,2,,,Točno,,,45,850,9,1,,34,group_by,partial_continuation,284
33,2026-08-18T17:45:14.284Z,34,group_by,2,medium,4,Ukupni iznos narudžbi po kupcu i statusu — multi-column GROUP BY,CTA „Sljedeći zadatak“,partial_continuation,1,bez_group_by,zaboravljen GROUP BY uz agregat,Netočno,execution_error,"column ""orders.customer_id"" must appear in the GROUP BY clause or be used in an aggregate function ⏎ LINE 1: SELECT customer_id, status, SUM(total_amount) AS ukupni_izno... ⏎                ^",0,850,9,1,,34,group_by,partial_continuation,249
34,2026-08-18T17:45:34.802Z,34,group_by,2,medium,4,Ukupni iznos narudžbi po kupcu i statusu — multi-column GROUP BY,CTA „Sljedeći zadatak“,partial_continuation,2,smjer_sortiranja,krivi smjer sortiranja (ASC/DESC zamijenjeni),Djelomično,row_mismatch,Row 0 differs,30,880,9,1,,34,group_by,weak_with_prereqs_met,235
35,2026-08-18T17:45:53.591Z,34,group_by,2,medium,4,Ukupni iznos narudžbi po kupcu i statusu — multi-column GROUP BY,CTA „Sljedeći zadatak“,partial_continuation,3,,,Točno,,,40,920,10,1,,56,right_join,partial_continuation,236
36,2026-08-18T17:46:12.870Z,56,right_join,3,hard,3,Dobavljači i broj proizvoda koje isporučuju (RIGHT JOIN),CTA „Sljedeći zadatak“,partial_continuation,1,,,Točno,,,60,980,10,1,,35,having_filter,weak_with_prereqs_met,222
37,2026-08-18T17:46:32.093Z,35,having_filter,2,medium,2,Kategorije s više od 6 proizvoda — HAVING,CTA „Sljedeći zadatak“,weak_with_prereqs_met,1,smjer_sortiranja,krivi smjer sortiranja (ASC/DESC zamijenjeni),Djelomično,row_mismatch,Row 0 differs,20,1000,11,1,,40,cross_join,partial_continuation,263
38,2026-08-18T17:46:56.513Z,35,having_filter,2,medium,2,Kategorije s više od 6 proizvoda — HAVING,CTA „Sljedeći zadatak“,weak_with_prereqs_met,2,,,Točno,,,30,1030,11,1,,24,agg_min_max,weak_with_prereqs_met,234
39,2026-08-18T17:47:15.768Z,24,agg_min_max,2,medium,1,Najjeftiniji i najskuplji proizvod,CTA „Sljedeći zadatak“,weak_with_prereqs_met,1,,,Točno,,,20,1050,11,1,,36,having_filter,partial_continuation,234
40,2026-08-18T17:47:35.024Z,36,having_filter,2,medium,3,Kupci s ukupno više od 10 narudžbi — WHERE + HAVING,CTA „Sljedeći zadatak“,partial_continuation,1,,,Točno,,,60,1110,12,1,,27,agg_sum_avg,partial_continuation,218
41,2026-08-18T17:47:55.968Z,27,agg_sum_avg,2,medium,2,Prosječna cijena proizvoda,CTA „Sljedeći zadatak“,partial_continuation,1,zaboravljen_alias,zaboravljen AS alias na agregatu,Netočno,wrong_columns,"Stupci se razlikuju — dobiveni: ['round', 'ukupna_vrijednost'], očekivani: ['prosjecna_cijena', 'ukupna_vrijednost']",0,1110,12,1,,27,agg_sum_avg,partial_continuation,214
42,2026-08-18T17:48:14.716Z,27,agg_sum_avg,2,medium,2,Prosječna cijena proizvoda,CTA „Sljedeći zadatak“,partial_continuation,2,,,Točno,,,30,1140,12,1,,28,agg_sum_avg,partial_continuation,211
43,2026-08-18T17:48:33.956Z,28,agg_sum_avg,2,medium,3,Ukupna potrošnja po kupcu — TOP 5 najvećih spenders,CTA „Sljedeći zadatak“,partial_continuation,1,zaboravljen_alias,zaboravljen AS alias na agregatu,Netočno,execution_error,"column ""ukupna_potrosnja"" does not exist ⏎ LINE 1: ...nt), 2) FROM orders GROUP BY customer_id ORDER BY ukupna_pot... ⏎                                                              ^",0,1140,12,1,,12,limit_offset,partial_continuation,217
44,2026-08-18T17:48:52.686Z,28,agg_sum_avg,2,medium,3,Ukupna potrošnja po kupcu — TOP 5 najvećih spenders,CTA „Sljedeći zadatak“,partial_continuation,2,bez_group_by,zaboravljen GROUP BY uz agregat,Netočno,execution_error,"column ""orders.customer_id"" must appear in the GROUP BY clause or be used in an aggregate function ⏎ LINE 1: SELECT customer_id, ROUND(SUM(total_amount), 2) AS ukupna_po... ⏎                ^",0,1140,12,1,,12,limit_offset,partial_continuation,237
45,2026-08-18T17:49:13.254Z,28,agg_sum_avg,2,medium,3,Ukupna potrošnja po kupcu — TOP 5 najvećih spenders,CTA „Sljedeći zadatak“,partial_continuation,3,,,Točno,,,30,1170,12,1,,12,limit_offset,partial_continuation,256
46,2026-08-18T17:49:32.478Z,12,limit_offset,1,easy,3,Dobavljači — prva stranica paginacije s ispravnim OFFSET-om,CTA „Sljedeći zadatak“,partial_continuation,1,,,Točno,,,60,1230,13,1,,29,agg_sum_avg,partial_continuation,221
47,2026-08-18T17:49:51.709Z,29,agg_sum_avg,2,medium,4,Mjesečni prihod po kategoriji proizvoda u 2025,CTA „Sljedeći zadatak“,partial_continuation,1,,,Točno,,,80,1310,14,1,,3784,explain_plan,weak_with_prereqs_met,260
48,2026-08-18T17:50:12.868Z,3784,explain_plan,6,hard,3,Selektivan filtar mijenja strategiju spoja u Nested Loop,CTA „Sljedeći zadatak“,weak_with_prereqs_met,1,cast_ubija_indeks,CAST/aritmetika nad stupcem ponistava indeks,Netočno,plan_mismatch,"Rezultat je točan, ali upit ne koristi indeks, a rješenje ga koristi; strategija spoja je Hash Join, a traži se Nested Loop.",0,1350,14,1,explorer,3784,explain_plan,weak_with_prereqs_met,260
49,2026-08-18T17:50:35.500Z,3784,explain_plan,6,hard,3,Selektivan filtar mijenja strategiju spoja u Nested Loop,CTA „Sljedeći zadatak“,weak_with_prereqs_met,2,,,Točno,,,45,1395,14,1,,25,agg_min_max,partial_continuation,262
50,2026-08-18T17:50:54.736Z,25,agg_min_max,2,medium,2,Najraniji i najkasniji datum narudžbe po statusu,CTA „Sljedeći zadatak“,partial_continuation,1,,,Točno,,,40,1435,15,1,,40,cross_join,partial_continuation,222
51,2026-08-18T17:51:14.006Z,40,cross_join,3,medium,3,Provjera kardinalnosti: CROSS JOIN kategorija i statusa narudžbi,CTA „Sljedeći zadatak“,partial_continuation,1,zaboravljen_alias,zaboravljen AS alias na agregatu,Netočno,wrong_columns,"Stupci se razlikuju — dobiveni: ['category_count', 'count', 'status_count'], očekivani: ['category_count', 'status_count', 'total_combinations']",0,1435,15,1,,40,cross_join,weak_with_prereqs_met,233
52,2026-08-18T17:51:34.579Z,40,cross_join,3,medium,3,Provjera kardinalnosti: CROSS JOIN kategorija i statusa narudžbi,CTA „Sljedeći zadatak“,partial_continuation,2,,,Točno,,,45,1480,15,1,,58,self_join,partial_continuation,206
53,2026-08-18T17:51:53.898Z,58,self_join,3,hard,4,Zaposlenici u drugom odjelu od svog managera,CTA „Sljedeći zadatak“,partial_continuation,1,krivi_limit,krivo procitan broj redaka u LIMIT-u,Djelomično,row_mismatch,Row count mismatch: actual=4 vs expected=2,40,1520,16,1,,58,self_join,weak_with_prereqs_met,234
54,2026-08-18T17:52:12.707Z,58,self_join,3,hard,4,Zaposlenici u drugom odjelu od svog managera,CTA „Sljedeći zadatak“,partial_continuation,2,tipfeler_stupca,tipfeler u nazivu stupca,Netočno,execution_error,"column e.firstname does not exist ⏎ LINE 1: SELECT e.firstname || ' ' || e.last_name AS employee_name, ⏎                ^ ⏎ HINT:  Perhaps you meant to reference the column ""e.first_name"".",0,1520,16,1,,46,inner_join,partial_continuation,227
55,2026-08-18T17:52:33.294Z,58,self_join,3,hard,4,Zaposlenici u drugom odjelu od svog managera,CTA „Sljedeći zadatak“,partial_continuation,3,,,Točno,,,40,1560,16,1,,59,self_join,partial_continuation,234
56,2026-08-18T17:52:52.576Z,59,self_join,3,hard,5,Dvostruki SELF JOIN: zaposlenici s dva nivoa nadređenih,CTA „Sljedeći zadatak“,partial_continuation,1,,,Točno,,,100,1660,17,1,,67,insert,partial_continuation,233
57,2026-08-18T17:53:11.737Z,67,insert,4,medium,2,Unos novog kupca s eksplicitnom listom stupaca,CTA „Sljedeći zadatak“,partial_continuation,1,bez_returning,DML bez RETURNING,Netočno,empty_result,"Prazan rezultat, očekivano 1 redova",0,1660,17,1,,67,insert,partial_continuation,225
58,2026-08-18T17:53:32.283Z,67,insert,4,medium,2,Unos novog kupca s eksplicitnom listom stupaca,CTA „Sljedeći zadatak“,partial_continuation,2,,,Točno,,,30,1690,17,1,,85,insert,partial_continuation,219
59,2026-08-18T17:53:51.512Z,85,insert,4,medium,3,Unos dvaju dobavljača jednom naredbom (multi-row VALUES),CTA „Sljedeći zadatak“,partial_continuation,1,,,Točno,,,60,1750,18,1,,69,update,partial_continuation,227
60,2026-08-18T17:54:10.764Z,69,update,4,medium,3,Sniženje cijene i povećanje zalihe za proizvod id=1,CTA „Sljedeći zadatak“,partial_continuation,1,update_bez_where,UPDATE/DELETE bez WHERE,Djelomično,row_mismatch,Row count mismatch: actual=100 vs expected=1,30,1780,18,1,,69,update,partial_continuation,222
61,2026-08-18T17:54:31.295Z,69,update,4,medium,3,Sniženje cijene i povećanje zalihe za proizvod id=1,CTA „Sljedeći zadatak“,partial_continuation,2,bez_returning,DML bez RETURNING,Netočno,empty_result,"Prazan rezultat, očekivano 1 redova",0,1780,18,1,,69,update,weak_with_prereqs_met,261
62,2026-08-18T17:54:49.968Z,69,update,4,medium,3,Sniženje cijene i povećanje zalihe za proizvod id=1,CTA „Sljedeći zadatak“,partial_continuation,3,,,Točno,,,30,1810,19,1,,70,update,partial_continuation,206
63,2026-08-18T17:55:09.090Z,70,update,4,medium,3,Unapređenje zaposlenika: ažuriranje odjela i plaće u jednom iskazu,CTA „Sljedeći zadatak“,partial_continuation,1,,,Točno,,,60,1870,19,1,,64,delete,partial_continuation,213
64,2026-08-18T17:55:28.205Z,64,delete,4,medium,3,Brisanje recenzije po ID-u s RETURNING provjerom,CTA „Sljedeći zadatak“,partial_continuation,1,,,Točno,,,60,1930,20,1,,78,scalar_subquery,partial_continuation,222
65,2026-08-18T17:55:49.261Z,78,scalar_subquery,5,hard,3,Broj narudžbi kao referentni stupac u SELECT klauzi,CTA „Sljedeći zadatak“,partial_continuation,1,,,Točno,,,60,1990,20,1,,72,exists_subquery,weak_with_prereqs_met,241
66,2026-08-18T17:56:08.516Z,72,exists_subquery,5,hard,2,Dobavljači koji imaju barem jedan proizvod — EXISTS (SELECT 1),CTA „Sljedeći zadatak“,weak_with_prereqs_met,1,,,Točno,,,40,2030,21,1,,73,exists_subquery,partial_continuation,312
67,2026-08-18T17:56:45.239Z,73,exists_subquery,5,hard,4,Kupci koji nemaju ni jednu narudžbu — NOT EXISTS vs NOT IN NULL zamka,nav „Zadatak“ → /next-task,,1,,,Točno,,,80,2135,22,1,null_ninja,48,left_join,weak_with_prereqs_met,246
68,2026-08-18T17:57:04.489Z,48,left_join,3,hard,2,Broj kupaca bez ijedne narudžbe,CTA „Sljedeći zadatak“,weak_with_prereqs_met,1,zaboravljen_alias,zaboravljen AS alias na agregatu,Netočno,wrong_columns,"Stupci se razlikuju — dobiveni: ['count'], očekivani: ['customers_without_orders']",0,2135,22,1,,3785,explain_plan,partial_continuation,228
69,2026-08-18T17:57:23.146Z,48,left_join,3,hard,2,Broj kupaca bez ijedne narudžbe,CTA „Sljedeći zadatak“,weak_with_prereqs_met,2,,,Točno,,,30,2165,22,1,,74,in_subquery,weak_with_prereqs_met,222
70,2026-08-18T17:57:44.168Z,74,in_subquery,5,hard,2,Broj kupaca koji su napravili barem jednu narudžbu (IN s podupitom),CTA „Sljedeći zadatak“,weak_with_prereqs_met,1,,,Točno,,,40,2205,23,1,,49,left_join,partial_continuation,220
71,2026-08-18T17:58:03.341Z,49,left_join,3,hard,3,Kupci bez ijedne narudžbe — Anti-join uzorak,CTA „Sljedeći zadatak“,partial_continuation,1,zaboravljen_alias,zaboravljen AS alias na agregatu,Netočno,wrong_columns,"Stupci se razlikuju — dobiveni: ['count'], očekivani: ['customers_without_orders']",0,2205,23,1,,3785,explain_plan,partial_continuation,239
72,2026-08-18T17:58:21.931Z,49,left_join,3,hard,3,Kupci bez ijedne narudžbe — Anti-join uzorak,CTA „Sljedeći zadatak“,partial_continuation,2,tipfeler_stupca,tipfeler u nazivu stupca,Netočno,wrong_columns,"Stupci se razlikuju — dobiveni: ['customerswithout_orders'], očekivani: ['customers_without_orders']",0,2205,23,1,,3785,explain_plan,partial_continuation,231
73,2026-08-18T17:58:42.508Z,49,left_join,3,hard,3,Kupci bez ijedne narudžbe — Anti-join uzorak,CTA „Sljedeći zadatak“,partial_continuation,3,,,Točno,,,30,2235,23,1,,3785,explain_plan,partial_continuation,224
74,2026-08-18T17:59:01.649Z,3785,explain_plan,6,hard,4,Aritmetika u uvjetu spoja vraća plan na Hash Join,CTA „Sljedeći zadatak“,partial_continuation,1,,,Točno,,,80,2315,24,1,,81,index_usage,weak_with_prereqs_met,250
75,2026-08-18T17:59:20.844Z,81,index_usage,6,hard,3,Narudžbe kupca — index-friendly lookup vs. function wrapper anti-pattern,CTA „Sljedeći zadatak“,weak_with_prereqs_met,1,explain_prefiks,predan EXPLAIN umjesto samog upita,Netočno,explain_submitted,"Predaj obični upit, bez EXPLAIN. Plan izvedbe provjerava se automatski; EXPLAIN slobodno koristi kroz Pokreni dok istražuješ.",0,2315,24,1,,81,index_usage,weak_with_prereqs_met,202
76,2026-08-18T17:59:39.729Z,81,index_usage,6,hard,3,Narudžbe kupca — index-friendly lookup vs. function wrapper anti-pattern,CTA „Sljedeći zadatak“,weak_with_prereqs_met,2,,,Točno,,,45,2360,24,1,,3782,index_usage,partial_continuation,254
77,2026-08-18T18:00:00.796Z,3782,index_usage,6,hard,3,Stavke narudžbe — indeks na order_id vs. CAST anti-pattern,CTA „Sljedeći zadatak“,partial_continuation,1,cast_ubija_indeks,CAST/aritmetika nad stupcem ponistava indeks,Netočno,plan_mismatch,"Rezultat je točan, ali upit ne koristi indeks, a rješenje ga koristi.",0,2360,24,1,,3782,index_usage,weak_with_prereqs_met,258
78,2026-08-18T18:00:19.499Z,3782,index_usage,6,hard,3,Stavke narudžbe — indeks na order_id vs. CAST anti-pattern,CTA „Sljedeći zadatak“,partial_continuation,2,,,Točno,,,45,2405,25,1,,3783,index_usage,partial_continuation,244
79,2026-08-18T18:00:38.746Z,3783,index_usage,6,hard,4,Recenzije proizvoda — aritmetika nad kolonom poništava indeks,CTA „Sljedeći zadatak“,partial_continuation,1,explain_prefiks,predan EXPLAIN umjesto samog upita,Netočno,explain_submitted,"Predaj obični upit, bez EXPLAIN. Plan izvedbe provjerava se automatski; EXPLAIN slobodno koristi kroz Pokreni dok istražuješ.",0,2405,25,1,,3783,index_usage,partial_continuation,198
80,2026-08-18T18:00:59.366Z,3783,index_usage,6,hard,4,Recenzije proizvoda — aritmetika nad kolonom poništava indeks,CTA „Sljedeći zadatak“,partial_continuation,2,,,Točno,,,60,2465,25,1,,2,null_handling,partial_continuation,309
81,2026-08-18T18:01:18.660Z,2,null_handling,0,hard,3,Prikaz zaposlenika i njihovog nadređenog s fallback vrijednošću,CTA „Sljedeći zadatak“,partial_continuation,1,,,Točno,,,60,2575,26,1,join_master,41,full_outer_join,weak_with_prereqs_met,252
82,2026-08-18T18:01:37.959Z,41,full_outer_join,3,hard,3,Prebrojavanje nepovezanih redova s FULL OUTER JOIN-om,CTA „Sljedeći zadatak“,weak_with_prereqs_met,1,,,Točno,,,60,2635,27,1,,42,full_outer_join,partial_continuation,283
83,2026-08-18T18:01:58.964Z,42,full_outer_join,3,hard,4,Dvostruki anti-join: kupci bez narudžbi i narudžbe bez kupca,CTA „Sljedeći zadatak“,partial_continuation,1,,,Točno,,,80,2715,28,1,,75,in_subquery,partial_continuation,233
84,2026-08-18T18:02:18.177Z,75,in_subquery,5,hard,3,Broj kupaca bez narudžbi — NOT IN s IS NOT NULL zaštitom,CTA „Sljedeći zadatak“,partial_continuation,1,zaboravljen_alias,zaboravljen AS alias na agregatu,Netočno,wrong_columns,"Stupci se razlikuju — dobiveni: ['count'], očekivani: ['customers_without_orders']",0,2715,28,1,,75,in_subquery,partial_continuation,230
85,2026-08-18T18:02:36.871Z,75,in_subquery,5,hard,3,Broj kupaca bez narudžbi — NOT IN s IS NOT NULL zaštitom,CTA „Sljedeći zadatak“,partial_continuation,2,tipfeler_stupca,tipfeler u nazivu stupca,Netočno,wrong_columns,"Stupci se razlikuju — dobiveni: ['customerswithout_orders'], očekivani: ['customers_without_orders']",0,2715,28,1,,75,in_subquery,weak_with_prereqs_met,203
86,2026-08-18T18:02:57.400Z,75,in_subquery,5,hard,3,Broj kupaca bez narudžbi — NOT IN s IS NOT NULL zaštitom,CTA „Sljedeći zadatak“,partial_continuation,3,,,Točno,,,30,2745,28,1,,76,in_subquery,partial_continuation,201
87,2026-08-18T18:03:16.668Z,76,in_subquery,5,hard,4,Kategorije s nadprosječnim brojem proizvoda (IN + GROUP BY + ugniježđeni podupit),CTA „Sljedeći zadatak“,partial_continuation,1,,,Točno,,,80,2825,29,1,,39,cross_join,repeat_practice,263
88,2026-08-18T18:03:51.975Z,7,from_clause,1,easy,1,"Dohvati zaposlenike — ime, prezime i odjel",klik po konceptu u Modulima (from_clause),,1,,,Točno,,,20,2845,29,1,,39,cross_join,repeat_practice,203
89,2026-08-18T18:04:11.615Z,8,from_clause,1,easy,1,Dohvati podatke o dobavljačima,klik po konceptu u Modulima (from_clause),,1,,,Točno,,,20,2865,29,1,,39,cross_join,repeat_practice,214
90,2026-08-18T18:04:31.077Z,9,from_clause,1,easy,2,"Dohvati naziv, zemlju i ocjenu dobavljača",klik po konceptu u Modulima (from_clause),,1,,,Točno,,,40,2905,30,1,,39,cross_join,repeat_practice,216
91,2026-08-18T18:04:50.718Z,13,order_by,1,easy,2,Dostupni proizvodi sortirani po ID-u — WHERE prije ORDER BY,klik po konceptu u Modulima (order_by),,1,smjer_sortiranja,krivi smjer sortiranja (ASC/DESC zamijenjeni),Djelomično,row_mismatch,Row 0 differs,20,2925,30,1,,39,cross_join,repeat_practice,224
92,2026-08-18T18:05:12.098Z,13,order_by,1,easy,2,Dostupni proizvodi sortirani po ID-u — WHERE prije ORDER BY,klik po konceptu u Modulima (order_by),,2,bez_order_by,zaboravljen ORDER BY,Točno,,,30,2955,30,1,,39,cross_join,repeat_practice,1058
93,2026-08-18T18:05:32.548Z,14,order_by,1,easy,3,Proizvodi na zalihi — WHERE dolazi prije ORDER BY,klik po konceptu u Modulima (order_by),,1,smjer_sortiranja,krivi smjer sortiranja (ASC/DESC zamijenjeni),Djelomično,row_mismatch,Row 0 differs,30,2985,30,1,,39,cross_join,repeat_practice,244
94,2026-08-18T18:05:51.213Z,14,order_by,1,easy,3,Proizvodi na zalihi — WHERE dolazi prije ORDER BY,klik po konceptu u Modulima (order_by),,2,krivi_limit,krivo procitan broj redaka u LIMIT-u,Djelomično,row_mismatch,Row count mismatch: actual=5 vs expected=3,23,3008,31,1,,39,cross_join,repeat_practice,236
95,2026-08-18T18:06:11.787Z,14,order_by,1,easy,3,Proizvodi na zalihi — WHERE dolazi prije ORDER BY,klik po konceptu u Modulima (order_by),,3,,,Točno,,,30,3038,31,1,,39,cross_join,repeat_practice,250
96,2026-08-18T18:06:31.496Z,37,having_filter,2,medium,3,Zemlje s prosječnim ratingom dobavljača iznad 3.5,klik po konceptu u Modulima (having_filter),,1,,,Točno,,,60,3098,31,1,,39,cross_join,repeat_practice,247
97,2026-08-18T18:06:51.218Z,38,having_filter,2,medium,4,Top kategorije s visokim prosječnim prihodom — WHERE + GROUP BY + HAVING + ORDER,klik po konceptu u Modulima (having_filter),,1,,,Točno,,,80,3178,32,1,,39,cross_join,repeat_practice,239
98,2026-08-18T18:07:10.918Z,20,agg_count,2,medium,1,Ukupan broj recenzija u sustavu,klik po konceptu u Modulima (agg_count),,1,,,Točno,,,20,3198,32,1,,39,cross_join,repeat_practice,237
99,2026-08-18T18:07:32.446Z,21,agg_count,2,medium,2,Broj kupaca bez ikoje narudžbe,klik po konceptu u Modulima (agg_count),,1,,,Točno,,,40,3238,33,1,,39,cross_join,repeat_practice,229
100,2026-08-18T18:07:52.102Z,22,agg_count,2,medium,3,Broj narudžbi po statusu — uključujući 0 za neaktivne statuse,klik po konceptu u Modulima (agg_count),,1,zaboravljen_alias,zaboravljen AS alias na agregatu,Netočno,wrong_columns,"Stupci se razlikuju — dobiveni: ['count', 'status'], očekivani: ['broj_narudzbi', 'status']",0,3238,33,1,,39,cross_join,repeat_practice,238
101,2026-08-18T18:08:10.736Z,22,agg_count,2,medium,3,Broj narudžbi po statusu — uključujući 0 za neaktivne statuse,klik po konceptu u Modulima (agg_count),,2,,,Točno,,,45,3283,33,1,,39,cross_join,repeat_practice,216
102,2026-08-18T18:08:32.294Z,23,agg_count,2,medium,4,Broj distinct kupaca koji su naručivali u svakoj kategoriji,klik po konceptu u Modulima (agg_count),,1,zaboravljen_alias,zaboravljen AS alias na agregatu,Netočno,execution_error,"column ""broj_distinct_kupaca"" does not exist ⏎ LINE 1: ...i.order_id = o.id GROUP BY p.category_id ORDER BY broj_disti... ⏎                                                              ^",0,3283,33,1,,52,multi_table_join,partial_continuation,244
103,2026-08-18T18:08:51.018Z,23,agg_count,2,medium,4,Broj distinct kupaca koji su naručivali u svakoj kategoriji,klik po konceptu u Modulima (agg_count),,2,,,Točno,,,60,3343,34,1,,39,cross_join,repeat_practice,245
104,2026-08-18T18:09:10.750Z,26,agg_min_max,2,medium,3,Najveća pojedinačna stavka narudžbe po kategoriji proizvoda,klik po konceptu u Modulima (agg_min_max),,1,,,Točno,,,60,3403,35,1,,39,cross_join,repeat_practice,252
105,2026-08-18T18:09:30.495Z,46,inner_join,3,medium,3,Ukupan broj stavki narudžbi s valjanim proizvodom i kategorijom,klik po konceptu u Modulima (inner_join),,1,zaboravljen_alias,zaboravljen AS alias na agregatu,Netočno,wrong_columns,"Stupci se razlikuju — dobiveni: ['count'], očekivani: ['total_order_items']",0,3403,35,1,,39,cross_join,repeat_practice,-1628
106,2026-08-18T18:09:51.087Z,46,inner_join,3,medium,3,Ukupan broj stavki narudžbi s valjanim proizvodom i kategorijom,klik po konceptu u Modulima (inner_join),,2,,,Točno,,,45,3448,35,1,,39,cross_join,repeat_practice,216
107,2026-08-18T18:10:11.021Z,47,inner_join,3,medium,4,Ukupna prodana količina po kategoriji proizvoda,klik po konceptu u Modulima (inner_join),,1,zaboravljen_alias,zaboravljen AS alias na agregatu,Netočno,wrong_columns,"Stupci se razlikuju — dobiveni: ['category_id', 'category_name', 'sum'], očekivani: ['category_id', 'category_name', 'total_quantity_sold']",0,3448,35,1,,39,cross_join,repeat_practice,277
108,2026-08-18T18:10:29.726Z,47,inner_join,3,medium,4,Ukupna prodana količina po kategoriji proizvoda,klik po konceptu u Modulima (inner_join),,2,,,Točno,,,60,3508,36,1,,39,cross_join,repeat_practice,214
109,2026-08-18T18:10:51.734Z,50,left_join,3,hard,4,Broj narudžbi 'delivered' statusa po kupcu — ON vs WHERE filter,klik po konceptu u Modulima (left_join),,1,,,Točno,,,80,3588,36,1,,39,cross_join,repeat_practice,252
110,2026-08-18T18:11:11.540Z,43,full_outer_join,3,hard,5,FULL OUTER JOIN analiza: kategorizacija kupaca i narudžbi s agregatima,klik po konceptu u Modulima (full_outer_join),,1,,,Točno,,,100,3688,37,1,,39,cross_join,repeat_practice,226
111,2026-08-18T18:11:36.405Z,52,multi_table_join,3,hard,3,"Prebroji kupce, narudžbe i stavke spajanjem triju tablica",klik po konceptu u Modulima (multi_table_join),,1,bez_uvjeta_spajanja,zaboravljen uvjet spajanja u troclanom JOIN-u (kartezijev produkt),Netočno,timeout,Statement timeout after 5000ms: canceling statement due to statement timeout,0,3688,37,1,,52,multi_table_join,partial_continuation,5331
112,2026-08-18T18:11:55.218Z,52,multi_table_join,3,hard,3,"Prebroji kupce, narudžbe i stavke spajanjem triju tablica",klik po konceptu u Modulima (multi_table_join),,2,,,Točno,,,45,3733,38,1,,39,cross_join,repeat_practice,223
113,2026-08-18T18:12:17.245Z,53,multi_table_join,3,hard,4,Prihod i broj naručenih proizvoda po kategoriji (JOIN 4 tablice),klik po konceptu u Modulima (multi_table_join),,1,,,Točno,,,80,3813,39,1,,39,cross_join,repeat_practice,255
114,2026-08-18T18:12:36.986Z,54,multi_table_join,3,hard,4,Ukupni prihod i broj narudžbi po dobavljaču (JOIN 4 tablice),klik po konceptu u Modulima (multi_table_join),,1,,,Točno,,,80,3893,39,1,,39,cross_join,repeat_practice,237
115,2026-08-18T18:12:56.745Z,55,multi_table_join,3,hard,5,Prihod i prosječna ocjena po dobavljaču — 4-stolični JOIN,klik po konceptu u Modulima (multi_table_join),,1,zaboravljen_alias,zaboravljen AS alias na agregatu,Netočno,wrong_columns,"Stupci se razlikuju — dobiveni: ['avg_review_rating', 'count', 'supplier_name', 'total_quantity'], očekivani: ['avg_review_rating', 'distinct_products_sold', 'supplier_name', 'total_quantity']",0,3893,39,1,,39,cross_join,repeat_practice,254
116,2026-08-18T18:13:18.935Z,55,multi_table_join,3,hard,5,Prihod i prosječna ocjena po dobavljaču — 4-stolični JOIN,klik po konceptu u Modulima (multi_table_join),,2,,,Točno,,,75,3968,40,1,,39,cross_join,repeat_practice,227
117,2026-08-18T18:13:40.538Z,71,update,4,medium,4,Ažuriranje cijene i zalihe proizvoda koristeći subquery u SET klauzuli,klik po konceptu u Modulima (update),,1,,,Točno,,,80,4048,41,1,,39,cross_join,repeat_practice,252
118,2026-08-18T18:14:01.084Z,65,delete,4,medium,3,Brisanje specifične recenzije kupca za određeni proizvod,klik po konceptu u Modulima (delete),,1,,,Točno,,,60,4108,42,1,,39,cross_join,repeat_practice,229
119,2026-08-18T18:14:21.588Z,66,delete,4,medium,4,Kaskadno brisanje stavki i narudžbi otkazanog kupca (subquery),klik po konceptu u Modulima (delete),,1,,,Točno,,,80,4188,42,1,,39,cross_join,repeat_practice,220
120,2026-08-18T18:14:41.246Z,60,correlated_subquery,5,hard,3,Kupci bez ijedne narudžbe pomoću koreliranog podupita,klik po konceptu u Modulima (correlated_subquery),,1,,,Točno,,,60,4248,43,1,,39,cross_join,repeat_practice,223
121,2026-08-18T18:15:02.937Z,61,correlated_subquery,5,hard,4,Broj kupaca bez ijedne narudžbe koristeći korelirani NOT EXISTS,klik po konceptu u Modulima (correlated_subquery),,1,,,Točno,,,80,4328,44,1,,39,cross_join,repeat_practice,221
122,2026-08-18T18:15:22.792Z,62,correlated_subquery,5,hard,5,Kupci kod kojih svaka narudžba premašuje prosjek ostalih njihovih narudžbi,klik po konceptu u Modulima (correlated_subquery),,1,krivi_limit,krivo procitan broj redaka u LIMIT-u,Djelomično,row_mismatch,Row count mismatch: actual=7 vs expected=5,50,4378,44,1,,39,cross_join,repeat_practice,265
123,2026-08-18T18:15:46.363Z,62,correlated_subquery,5,hard,5,Kupci kod kojih svaka narudžba premašuje prosjek ostalih njihovih narudžbi,klik po konceptu u Modulima (correlated_subquery),,2,,,Točno,,,75,4453,45,1,,39,cross_join,repeat_practice,210
124,2026-08-18T18:20:17.615Z,3,null_handling,0,hard,3,Prikaz narudžbi s oznakom samousluge pomoću COALESCE,klik po konceptu u Modulima (null_handling),,1,,,Točno,,,60,4513,46,1,,39,cross_join,repeat_practice,229
125,2026-08-18T18:20:38.010Z,4,null_handling,0,hard,4,COUNT(*) vs COUNT(employee_id) — NULL zamka u agregaciji narudžbi,klik po konceptu u Modulima (null_handling),,1,zaboravljen_alias,zaboravljen AS alias na agregatu,Netočno,wrong_columns,"Stupci se razlikuju — dobiveni: ['assigned_orders', 'count', 'self_service_orders'], očekivani: ['assigned_orders', 'self_service_orders', 'total_orders']",0,4513,46,1,,39,cross_join,repeat_practice,245
126,2026-08-18T18:20:57.588Z,4,null_handling,0,hard,4,COUNT(*) vs COUNT(employee_id) — NULL zamka u agregaciji narudžbi,klik po konceptu u Modulima (null_handling),,2,tipfeler_stupca,tipfeler u nazivu stupca,Netočno,wrong_columns,"Stupci se razlikuju — dobiveni: ['assigned_orders', 'self_service_orders', 'totalorders'], očekivani: ['assigned_orders', 'self_service_orders', 'total_orders']",0,4513,46,1,,39,cross_join,repeat_practice,233
127,2026-08-18T18:21:19.709Z,4,null_handling,0,hard,4,COUNT(*) vs COUNT(employee_id) — NULL zamka u agregaciji narudžbi,klik po konceptu u Modulima (null_handling),,3,,,Točno,,,40,4553,46,1,,39,cross_join,repeat_practice,211
128,2026-08-18T18:21:40.791Z,3786,column_alias,0,easy,1,Preimenuj stupce u ispisu kupaca,klik po konceptu u Modulima (column_alias),,1,,,Točno,,,20,4573,46,1,,39,cross_join,repeat_practice,238
129,2026-08-18T18:22:01.281Z,3787,column_alias,0,easy,2,Alias nad izračunatim stupcem — cijena s PDV-om,klik po konceptu u Modulima (column_alias),,1,,,Točno,,,40,4613,47,1,,39,cross_join,repeat_practice,299
130,2026-08-18T18:22:21.546Z,3788,column_alias,0,easy,2,Sortiranje po aliasu stupca,klik po konceptu u Modulima (column_alias),,1,,,Točno,,,40,4653,47,1,,39,cross_join,repeat_practice,221
